time,monitor_ip,reorder,trans_bytes,retrans_bytes,trans_pkts,retrans_pkts,rtt_first,rtt_min,rtt_avg,rtt_max,mdev_avg,mdev_max,rto_avg,rto_max,cwnd_min,cwnd_avg,cwnd_max,wnd_min,wnd_avg,wnd_max,disorder_times,cwr_times,rcvy_times,loss_times
19-00:02:21,123.119.35.212,3,524851,0,388,0,63,55,80,138,67,144,280,338,20,78,195,81664,154240,198656,0,0,0,0
19-00:50:48,114.252.4.5,3,524809,7566,388,6,16,16,27,60,17,34,227,260,20,58,220,81664,170905,263936,0,0,1,0
19-01:02:51,125.34.106.73,3,509289,440640,377,324,0,614,1920,12285,2852,37013,7151,120000,5,27,45,81600,370453,522944,4,0,4,1
19-01:12:26,114.246.123.148,26,503837,212208,373,157,0,46,943,3155,2005,10418,5840,13573,5,18,30,81664,224160,263936,3,0,4,1
19-01:15:12,202.108.2.42,3,519750,4050,385,3,13,12,13,13,7,26,213,213,20,89,184,0,46378,194432,0,0,0,0
19-01:37:38,117.79.93.39,3,500908,5840,344,4,10,10,11,13,7,20,211,213,20,73,157,0,39637,210304,0,0,0,0
19-01:39:56,123.118.6.101,3,524861,0,388,0,16,16,21,38,20,35,221,238,20,56,198,81600,162528,522944,0,0,0,0
19-01:48:20,111.194.172.213,3,501733,124593,359,102,21,21,813,1891,761,3101,2406,23229,6,23,30,14720,372496,911744,2,1,0,0
19-01:50:9,123.117.60.171,3,526766,313664,390,241,36,36,1211,3662,4770,23277,8353,40408,5,11,30,81664,185077,263936,9,0,7,2
19-02:41:36,111.193.68.243,3,538238,298908,375,207,12,12,958,22334,555,17780,1755,120000,20,60,180,87616,179696,459712,1,0,1,0
19-03:36:29,114.247.10.142,3,520000,543400,400,418,0,140,222,328,132,280,474,120000,20,73,144,14656,63536,124800,1,0,0,0
19-05:29:40,114.242.249.142,3,524812,7051,388,6,14,14,15,17,6,28,214,217,20,34,128,0,15076,131072,0,0,0,0
19-05:36:21,202.108.2.42,3,526174,6750,391,5,13,12,12,13,6,26,212,213,20,75,185,0,35296,194432,0,0,0,0
19-05:46:5,124.64.25.125,3,522158,159120,387,117,20,20,531,14964,695,14911,1311,120000,5,57,193,81600,164784,522944,2,0,0,1
19-05:58:58,123.118.124.146,3,522063,116316,365,81,15,15,2539,12411,995,7795,5103,68620,20,52,114,87616,165888,394944,1,0,2,0
19-06:02:10,202.108.2.42,3,530224,6750,394,5,13,13,13,14,7,26,213,214,20,75,188,0,35744,194432,0,0,0,0
19-07:41:50,111.199.47.101,3,513488,285760,368,218,16,16,273,562,1377,2272,1859,8763,5,18,38,87616,247400,451264,4,0,4,2
19-08:23:34,114.244.181.12,3,539307,0,375,0,19,16,24,73,21,66,224,273,20,56,184,14720,114892,515840,0,0,0,0
19-08:27:3,58.132.176.8,4,510075,606560,377,446,0,1970,6864,11349,5931,13742,18452,120000,5,24,55,81600,405459,522944,9,2,2,3
19-08:37:12,114.243.135.111,3,511627,16320,377,12,21,16,19,25,14,42,219,225,14,20,44,61248,223004,351296,7,0,8,0
19-08:38:50,114.245.58.139,3,501119,1444624,371,1067,0,147,245,358,404,1266,1273,7210,5,10,47,81664,234688,263936,27,0,17,9
19-09:11:18,114.244.155.155,3,513172,1056720,380,777,36,36,631,1456,2395,4732,10581,120000,5,20,156,81600,387648,528576,5,0,1,3
19-09:25:4,124.65.70.90,10,513254,1361712,356,952,14,14,611,991,475,1178,1560,5625,5,9,39,66164,66678,66700,29,0,5,23
19-09:31:31,61.50.248.5,3,524807,0,360,0,13,13,13,14,8,26,213,214,20,75,134,5888,70670,131072,0,0,0,0
19-09:31:32,61.50.248.5,3,524810,0,361,0,13,13,13,14,9,26,213,214,20,73,137,5888,67470,131072,0,0,0,0
19-09:31:33,61.50.248.5,3,524810,0,361,0,14,13,13,14,11,43,213,214,20,72,134,5888,67456,131072,0,0,0,0
19-09:31:34,61.50.248.5,3,524810,0,361,0,14,13,14,15,12,33,214,215,20,73,134,5888,70883,131072,0,0,0,0
19-09:31:36,61.50.248.5,3,524808,0,361,0,14,13,13,14,8,26,213,214,20,73,135,5888,67783,131072,0,0,0,0
19-09:31:40,61.50.248.5,3,524810,0,361,0,14,13,13,14,8,28,213,214,20,72,137,5888,67015,131072,0,0,0,0
19-09:31:41,61.50.248.5,3,524808,0,361,0,14,13,14,15,9,26,214,215,20,73,136,5888,69233,131072,0,0,0,0
19-09:31:44,61.50.248.5,3,524808,0,361,0,14,13,14,14,8,28,213,214,20,72,136,5888,68408,131072,0,0,0,0
19-09:44:35,114.251.225.1,3,523233,546720,387,402,13,13,22,72,13,52,222,120000,2,87,198,81664,169625,262400,1,0,1,0
19-09:45:25,124.65.70.90,14,531432,884452,368,621,13,13,430,543,197,1145,1064,2848,5,11,41,66172,66676,66700,29,0,3,25
19-09:49:29,124.65.70.90,3,536700,804564,372,565,15,15,453,519,164,1168,1162,4252,5,9,38,66172,66678,66700,33,0,4,28
19-10:04:29,61.50.248.5,3,524820,0,361,0,13,13,13,15,10,26,213,215,20,72,135,5888,66844,131072,0,0,0,0
19-10:05:42,61.50.248.5,3,524820,0,361,0,14,13,14,14,16,56,213,214,20,73,134,5888,69063,131072,0,0,0,0
19-10:07:12,61.50.248.5,3,524820,0,361,0,14,13,14,14,13,44,213,214,20,74,136,5888,72320,131072,0,0,0,0
19-10:08:37,123.125.26.227,3,533760,389520,395,292,25,25,1639,3505,1173,5487,4432,39672,6,23,36,81600,355085,522944,4,0,4,0
19-10:29:29,123.123.233.174,3,535466,1105498,396,825,79,79,4632,10363,4594,24083,20938,120000,5,19,53,81664,230710,263936,7,1,4,2
19-10:34:37,114.247.10.154,3,524820,0,405,0,46,45,187,264,66,228,396,470,20,48,54,14656,41270,46848,0,0,0,0
19-10:35:6,114.247.10.154,3,524820,0,405,0,237,106,216,275,181,950,703,1187,20,44,48,14656,38630,42240,0,0,0,0
19-10:36:58,114.247.10.154,3,524820,1300,404,1,233,101,185,304,171,750,613,983,20,47,52,14656,40209,44224,0,0,0,0
19-10:39:52,111.193.233.107,8,534437,8700,371,6,15,15,16,18,12,30,215,218,20,47,171,247640,262140,262140,8,0,1,0
19-10:56:57,61.50.248.5,3,524820,0,361,0,13,13,13,14,9,26,213,214,20,71,137,5888,67313,131072,0,0,0,0
19-10:57:12,202.60.124.252,25,549846,68944,379,48,2168,576,1235,2168,1974,8672,6921,10840,6,31,45,65700,80884,226300,1,0,2,0
19-11:01:56,202.108.2.42,3,506180,10800,376,8,13,13,13,14,6,26,213,214,20,78,138,0,38698,124288,0,0,0,0
19-11:06:10,123.117.225.65,3,543083,2720,401,2,12,12,214,2348,141,2495,777,4843,20,63,227,81664,167360,263936,0,0,0,0
19-11:07:3,111.198.71.38,3,537662,0,398,0,25,21,33,47,26,51,232,247,20,103,188,81600,287210,522944,0,0,0,0
19-11:08:4,111.196.102.131,3,537662,0,398,0,36,36,151,462,59,72,351,662,20,98,240,81600,243315,522944,0,0,0,0
19-11:17:21,114.244.178.191,3,534811,0,370,0,13,12,13,15,14,26,213,215,20,63,175,259328,262144,262144,0,0,0,0
19-11:19:48,202.108.2.42,3,521100,4050,386,3,13,13,13,14,8,26,213,214,20,88,182,0,46080,194432,0,0,0,0
19-11:24:15,114.252.65.5,3,542272,824160,401,606,0,17,2734,5907,5257,20129,14786,120000,5,28,63,81600,306602,522944,7,0,1,3
19-11:28:34,61.149.136.214,127,537662,220320,398,162,26,24,317,1307,213,709,750,1834,20,73,189,81664,187776,263936,0,0,1,0
19-11:35:2,61.50.248.5,3,524818,0,361,0,13,13,13,15,10,26,213,215,20,72,136,5888,66844,131072,0,0,0,0
19-11:36:56,124.65.116.142,127,544571,598400,402,440,18,17,205,1212,109,537,491,120000,2,60,173,13632,104256,368320,1,0,1,0
19-11:46:41,114.242.249.224,3,504193,0,373,0,11,11,12,13,10,22,211,213,20,104,142,4352,77710,198656,0,0,0,0
19-11:51:18,124.65.240.26,3,512806,711156,381,524,15,15,63,196,39,126,263,396,2,58,167,81600,281600,522944,1,0,1,0
19-12:04:43,61.148.243.117,3,524824,44168,377,32,0,840,2673,5395,1898,5492,6051,10880,20,29,30,0,21347,26280,0,0,0,0
19-12:05:0,116.213.168.183,11,534118,626398,395,475,32,32,2288,5587,5302,23854,12153,120000,5,19,33,81600,286427,441728,8,0,8,1
19-12:22:14,61.50.248.5,3,524824,0,361,0,14,13,13,14,8,28,213,214,20,74,137,5888,72007,131072,0,0,0,0
19-12:23:34,61.135.172.70,3,537662,8224,398,7,13,13,15,18,8,26,215,218,20,36,58,81600,353122,522944,1,0,2,0
19-12:23:48,61.50.248.5,3,524826,0,360,0,14,13,14,14,15,55,213,214,20,75,135,5888,74368,131072,0,0,0,0
19-12:24:23,61.50.248.5,3,524826,0,361,0,13,13,13,14,11,42,213,214,20,70,137,5888,66958,131072,0,0,0,0
19-12:19:25,123.127.137.132,4,511332,2365228,353,1635,14,14,669,1710,1876,4850,4395,120000,5,9,35,65536,246961,262144,17,1,9,10
19-12:35:32,123.124.145.250,45,529323,288000,552,300,17,17,28,60,24,69,227,571,8,52,171,81600,219600,459840,6,2,2,0
19-12:45:34,61.148.242.174,3,524808,0,384,0,39,39,242,556,111,638,545,1206,20,82,142,27424,77576,128800,0,0,0,0
19-12:45:34,61.148.242.174,3,524817,330,385,1,56,56,233,595,156,454,536,1299,20,78,171,27424,78121,252096,0,0,0,0
19-12:45:58,61.148.242.174,3,524817,0,384,0,435,142,331,613,519,1742,1534,2177,20,74,126,24672,71708,115104,0,0,0,0
19-12:45:58,61.148.242.174,3,524808,2740,384,2,435,135,354,588,531,1742,1568,2177,20,73,117,27424,68036,106880,0,0,0,0
19-12:46:20,61.148.242.174,3,524808,0,384,0,542,102,334,562,439,1429,1327,1955,20,67,98,27424,65002,98656,0,0,0,0
19-12:46:20,61.148.242.174,3,524817,0,385,0,542,125,349,576,422,1435,1345,1955,20,68,105,27424,65024,95904,0,0,0,0
19-12:50:52,202.108.2.42,3,526174,6750,391,5,13,13,13,14,6,26,213,214,20,73,181,0,35520,194432,0,0,0,0
19-12:50:50,202.108.2.42,3,517946,4050,384,3,13,12,13,14,9,26,213,214,20,81,189,0,41510,191744,0,0,0,0
19-12:52:7,117.79.93.39,3,537228,13140,368,9,11,11,12,13,7,22,212,213,20,85,141,0,34208,196224,0,0,0,0
19-12:50:15,123.127.137.132,10,534683,1334325,370,933,14,14,1066,2690,1453,3426,3583,120000,5,9,30,65536,251796,262144,11,0,9,3
19-12:53:2,111.196.29.183,10,524732,1636700,405,1259,17,17,217,557,864,2159,2297,19165,5,12,49,81600,359086,522944,21,0,4,18
19-12:55:9,202.108.2.42,3,513896,4050,381,3,13,13,13,14,8,26,213,214,20,80,181,0,41382,191744,0,0,0,0
19-12:49:51,114.253.185.236,3,546496,0,382,0,16,16,48,81,48,99,247,281,20,105,162,0,128329,384576,0,0,0,0
19-12:49:51,114.253.185.236,3,549120,0,384,0,17,17,43,61,52,104,242,261,20,98,165,0,97038,385920,0,0,0,0
19-12:57:33,61.50.248.5,3,524829,0,361,0,14,13,14,14,9,28,213,214,20,73,136,5888,67328,131072,0,0,0,0
19-12:57:50,117.79.93.39,3,515495,5840,354,4,14,13,14,16,9,28,214,216,20,88,173,0,37209,207360,0,0,0,0
19-12:59:6,123.127.137.132,36,513017,1329739,353,916,13,13,443,1672,1339,4867,3625,6316,5,11,41,65536,248985,262144,11,0,5,7
19-13:00:23,114.254.134.166,3,510584,186800,377,147,0,919,3458,22728,3009,35086,23948,120000,20,42,66,13632,274666,522944,3,2,1,0
19-13:01:32,61.148.199.2,3,529988,1134140,365,788,35,35,444,559,393,1162,1385,5103,5,8,34,65536,255564,262144,21,0,8,12
19-13:02:15,123.115.163.103,3,512833,768928,379,568,60,59,802,2762,969,4332,3366,120000,6,27,57,81664,211733,262400,5,0,6,0
19-13:02:40,123.127.137.132,36,506040,1356872,348,930,244,234,1089,2377,1517,3410,3940,120000,5,11,36,65536,250578,262144,12,0,5,8
19-13:12:17,61.50.248.5,3,524831,0,361,0,13,13,13,14,9,26,213,214,20,71,135,5888,68152,131072,0,0,0,0
19-13:18:56,61.50.248.5,3,524831,0,361,0,14,13,14,14,16,55,213,214,20,71,134,5888,67171,131072,0,0,0,0
19-13:17:27,111.205.210.13,97,507409,552960,496,540,0,108,1674,6490,546,10909,5855,120000,20,50,101,81600,192416,338688,1,0,1,0
19-13:21:17,61.50.248.5,3,524831,0,361,0,13,13,13,15,9,26,213,215,20,74,135,5888,71424,131072,0,0,0,0
19-13:22:34,61.149.143.30,3,548727,165920,406,122,0,432,2507,25619,3305,12936,6401,66870,6,64,242,81664,149824,262400,2,0,1,0
19-13:36:49,114.254.210.37,38,520779,2851341,385,2111,0,1859,1966,2106,713,3023,6048,27675,5,15,43,81600,415330,527680,29,0,12,17
19-13:51:35,61.149.183.86,3,527618,756838,363,520,85,85,326,1009,414,2438,2194,4617,5,8,31,16384,246736,262144,40,0,0,39
19-13:52:38,125.35.106.19,3,501669,20389,357,22,0,3819,5306,6252,1091,11196,10649,17394,5,28,57,126640,129940,129940,1,1,0,0
19-13:54:31,114.249.127.87,127,548635,139392,379,96,0,230,355,598,250,460,792,1015,20,55,127,16384,212992,262144,1,0,1,0
19-14:00:50,61.50.248.5,3,524818,0,361,0,13,13,13,14,8,26,213,214,20,73,136,5888,67128,131072,0,0,0,0
19-14:08:1,202.60.121.81,37,506952,1578064,350,1118,38,38,505,799,1198,2484,2523,5059,5,11,39,65536,248985,262144,9,0,2,7
19-14:13:9,202.60.121.81,14,528852,1737552,365,1201,517,29,794,1126,550,1887,2180,6378,5,10,30,65536,248045,262144,17,0,2,15
19-14:20:20,202.60.121.81,24,511713,1737518,353,1214,88,88,525,1094,914,2472,2626,6090,5,13,46,65536,244200,262144,8,0,2,7
19-14:25:5,61.50.248.5,3,524820,0,361,0,14,13,14,15,9,28,213,215,20,74,137,5888,68451,131072,0,0,0,0
19-14:26:10,61.50.248.5,3,524820,0,361,0,14,13,13,14,14,56,213,214,20,74,136,5888,72661,131072,0,0,0,0
19-14:28:25,61.50.248.5,3,524820,0,360,0,14,13,14,14,13,43,213,214,20,74,134,5888,71296,131072,0,0,0,0
19-14:29:6,61.50.248.5,3,524820,0,361,0,14,13,13,14,9,33,213,214,20,73,137,5888,67982,131072,0,0,0,0
19-15:06:15,202.99.59.7,3,518789,4607509,384,3440,15,15,15,15,30,30,32905,120000,5,32,99,81600,275558,690880,4,0,1,2
19-15:12:11,123.123.9.84,3,510838,110160,379,81,0,625,942,1373,936,1582,2383,18396,20,52,172,81600,172880,522944,1,0,0,0
19-15:13:10,202.108.2.42,3,515700,4050,382,3,13,13,13,14,7,26,213,214,20,89,184,0,45781,194432,0,0,0,0
19-15:13:9,202.108.2.42,3,510428,9450,379,7,13,12,13,14,8,26,213,214,20,70,133,0,29877,186368,0,0,0,0
19-15:19:12,111.195.22.237,6,531236,295120,394,217,32,32,231,558,147,547,537,3451,20,56,193,81664,144076,197120,1,0,1,0
19-15:21:27,114.241.64.12,3,516960,1440,359,1,17,17,40,88,22,128,240,288,20,61,152,14720,110284,567680,0,0,0,0
19-15:33:57,124.64.216.132,3,501066,152656,370,119,0,758,1253,2062,891,3122,3099,14896,6,19,40,13696,245308,439040,5,0,5,0
19-15:33:16,202.60.121.81,3,512787,985429,354,711,18,17,113,1072,160,2596,1631,6990,5,15,73,65536,216627,262144,16,0,0,15
19-15:39:19,202.108.2.42,3,518074,4050,384,3,13,13,13,14,8,26,213,214,20,81,184,0,41267,191744,0,0,0,0
19-15:41:8,202.108.2.42,3,513896,4050,381,3,13,13,13,14,8,26,213,214,20,81,185,0,41241,191744,0,0,0,0
19-15:46:18,202.60.126.153,41,539624,564444,372,389,520,20,564,1434,1609,3791,3378,4837,5,18,39,65376,65700,65700,2,0,2,1
19-15:45:38,202.108.2.42,3,520774,4050,386,3,13,13,13,14,7,26,213,214,20,78,187,0,45862,199808,0,0,0,0
19-15:45:17,124.65.150.10,3,516086,2943158,382,2219,12,12,15,37,17,133,2563,120000,5,14,42,81664,339846,523008,27,0,8,19
19-15:49:53,123.112.18.141,3,541723,0,400,0,14,14,40,78,33,107,240,278,20,79,150,81600,191232,391808,0,0,0,0
19-15:49:4,114.241.44.133,3,547707,514080,405,378,21,21,114,7999,105,10320,336,120000,20,63,181,81600,175584,522944,1,0,1,0
19-15:56:32,123.121.118.180,3,537663,0,398,0,16,16,24,45,16,54,224,245,20,91,207,81664,170905,263936,0,0,0,0
19-16:00:20,114.244.132.192,3,525595,628320,389,462,25,25,74,16412,62,13490,274,120000,5,61,218,81600,169328,522944,2,0,1,1
19-16:10:6,202.108.2.42,3,529328,6750,393,5,13,13,13,14,7,26,213,214,20,91,189,0,38144,194432,0,0,0,0
19-16:09:53,202.108.2.42,3,534274,4050,396,3,13,13,13,14,9,26,213,214,20,76,176,0,40448,210688,0,0,0,0
19-16:10:51,124.65.19.116,3,517019,95040,361,66,12,12,17,28,14,24,217,228,20,60,191,66048,114304,227328,0,0,1,0
19-16:13:10,61.148.244.19,3,524810,0,376,0,40,40,72,158,40,80,272,358,20,88,225,85248,240345,522880,0,0,0,0
19-16:21:28,114.254.39.209,3,500747,5440,369,4,20,20,88,237,83,396,376,630,20,57,128,61248,232640,512768,0,0,1,0
19-16:23:59,114.254.39.209,3,528677,0,391,0,20,20,73,188,80,373,273,561,20,84,198,61248,222016,521984,0,0,0,0
19-16:26:49,114.254.39.209,3,528325,0,391,0,18,18,97,362,115,662,481,1024,20,71,152,61248,255850,522944,0,0,0,0
19-16:23:8,118.192.135.94,3,519888,10220,357,7,114,113,117,127,48,228,327,342,15,32,71,0,51072,146048,3,0,5,0
19-16:30:39,111.192.91.135,3,501079,97256,347,67,0,754,882,1196,409,1407,2097,3066,20,38,58,16384,234666,262144,0,0,1,0
19-16:30:59,111.203.3.1,3,532503,1033680,366,708,14,14,867,3111,3522,20535,6598,120000,5,15,107,129320,129898,129940,4,0,3,1
19-16:36:45,124.64.74.240,68,510980,1097520,378,807,47,47,4458,18768,5547,22417,11154,41185,6,50,138,81664,171468,263936,2,0,1,0
19-16:59:15,114.248.211.84,3,526962,66570,390,52,23,23,659,1899,353,2575,3083,6196,5,41,100,81600,211032,522944,2,0,1,1
19-17:06:51,123.115.162.225,3,530038,1360,393,1,15,15,71,742,72,399,271,1206,20,59,223,13632,96089,522944,0,0,0,0
19-17:16:53,123.117.104.92,3,530048,0,392,0,17,17,44,95,31,111,244,295,20,94,212,81600,268949,522944,0,0,0,0
19-17:19:51,202.108.2.42,3,526628,6750,391,5,13,13,13,14,7,26,213,214,20,91,189,0,38144,194432,0,0,0,0
19-17:20:50,124.64.83.204,3,518235,2720,383,2,96,96,150,310,174,296,457,653,20,49,182,81600,157088,522944,0,0,1,0
19-17:24:8,114.243.98.74,3,530100,0,391,0,15,15,22,57,15,74,221,257,20,94,226,81600,240064,522944,0,0,0,0
19-17:24:41,123.116.95.146,3,530100,20400,392,15,13,13,16,23,10,26,216,223,20,42,53,81600,335392,522944,0,0,1,0
19-17:25:42,202.108.2.42,3,515700,4050,382,3,13,13,13,14,9,26,213,214,20,89,181,0,46080,194432,0,0,0,0
19-17:29:26,114.249.12.168,3,530100,0,393,0,12,12,23,50,13,32,222,250,20,102,224,81600,281760,522944,0,0,0,0
19-17:28:9,202.108.2.42,3,526628,6750,391,5,13,13,13,14,8,26,213,214,20,90,186,0,38388,194432,0,0,0,0
19-17:30:7,202.108.2.42,3,521100,4050,386,3,13,13,13,13,8,26,213,213,20,89,183,0,46080,194432,0,0,0,0
19-17:31:10,202.108.2.42,3,518400,4050,384,3,13,13,13,15,9,26,213,215,20,89,184,0,46080,194432,0,0,0,0
19-17:48:26,202.108.2.42,3,523928,6750,389,5,13,13,13,14,7,26,213,214,20,89,181,0,38516,194432,0,0,0,0
19-17:49:16,202.108.2.42,3,538452,4050,399,3,13,13,13,14,8,26,213,214,20,76,182,0,45491,213376,0,0,0,0
19-17:53:56,111.197.64.151,3,540368,597040,400,439,21,21,1312,10893,1270,6545,2889,120000,20,58,206,81600,167424,520640,1,0,1,0
19-18:06:3,123.122.217.211,3,530100,0,392,0,19,19,32,66,24,38,232,266,20,94,229,81600,237875,522944,0,0,0,0
19-18:30:32,111.202.197.130,3,514744,5261840,381,3869,16,16,24,90,60,213,731,120000,5,14,34,81664,144384,227072,17,0,7,11
19-18:33:50,202.108.2.42,3,531574,6750,395,5,13,13,13,14,7,26,213,214,20,75,184,0,35520,194432,0,0,0,0
19-18:36:41,114.240.219.79,3,530100,0,392,0,17,17,46,88,23,93,246,120000,2,87,205,81664,186880,263936,1,0,0,0
19-18:42:45,111.197.82.32,3,530100,0,392,0,15,15,18,28,16,30,218,228,20,99,238,81600,241689,522944,0,0,0,0
19-18:52:3,117.79.93.39,3,523064,7300,359,5,10,10,11,13,7,20,211,213,20,80,146,0,50222,221952,0,0,0,0
19-18:57:33,61.135.14.40,3,531838,326268,387,237,0,149,234,432,236,864,756,1296,2,15,32,16384,248490,262144,5,0,7,0
19-18:58:16,114.250.225.68,3,524808,6800,388,5,80,40,131,383,131,847,587,1230,6,24,36,81664,233445,263936,2,2,1,0
19-19:10:9,123.120.86.130,3,530049,0,391,0,13,13,31,80,20,99,231,280,20,82,188,13696,237476,799744,0,0,0,0
19-19:10:54,114.245.128.29,3,530100,0,391,0,27,19,30,54,25,54,230,254,20,98,238,81600,242240,522944,0,0,0,0
19-19:13:22,114.249.222.152,3,530100,0,391,0,13,13,152,791,49,195,472,1715,20,99,228,81600,271680,522944,0,0,0,0
19-19:20:31,111.193.78.106,3,523794,19492,512,20,18,18,163,835,136,604,455,1518,20,69,176,13632,117290,331776,0,0,1,0
19-19:21:55,123.113.48.191,3,534987,0,372,0,19,19,24,85,19,111,224,285,20,61,218,14720,103961,593536,0,0,0,0
19-19:38:1,123.119.3.178,3,543293,619200,379,430,0,388,1558,18211,737,12922,3394,120000,20,63,203,87616,188800,522880,1,0,1,0
19-19:41:31,61.149.245.50,3,543286,111520,402,82,45,45,94,369,83,170,294,569,20,64,186,81600,171504,449920,0,0,1,0
19-19:44:52,123.113.242.58,3,534078,1250957,374,871,14,14,16,21,7,28,215,324,6,7,30,65712,66219,66240,1,0,2,0
19-19:58:31,111.197.3.2,3,530050,0,393,0,16,14,17,24,15,32,217,224,20,95,229,81600,238425,522944,0,0,0,0
19-20:00:13,123.123.65.65,3,544513,1221,403,1,58,44,126,305,78,254,384,801,20,93,179,81600,320416,522944,0,0,0,0
19-20:05:10,111.192.53.20,3,530050,0,391,0,16,16,35,81,22,49,235,281,20,115,230,81600,290218,522944,0,0,0,0
19-20:11:51,202.108.2.42,3,519296,4050,385,3,13,13,13,15,8,26,213,215,20,80,186,0,41382,191744,0,0,0,0
19-20:12:8,117.79.93.39,3,537920,16060,369,11,10,10,11,13,6,20,211,213,20,85,140,0,29493,198528,0,0,0,0
19-20:14:18,114.250.192.9,9,507995,1652,377,5,68,17,55,194,85,277,310,499,20,50,91,81600,336442,522944,0,0,1,0
19-20:18:4,61.50.245.243,3,524821,0,361,0,13,13,15,17,11,26,215,217,13,14,30,8700,10804,11680,0,0,0,0
19-20:18:54,123.122.122.37,3,530101,0,393,0,14,13,46,139,20,28,246,339,20,96,237,81600,240051,522944,0,0,0,0
19-20:20:21,202.108.2.42,3,534146,4050,396,3,13,13,13,14,9,26,213,214,20,79,178,0,41651,208000,0,0,0,0
19-20:21:54,202.108.2.42,3,518074,4050,384,3,13,13,13,14,8,26,213,214,20,80,184,0,41267,191744,0,0,0,0
19-20:25:24,111.199.121.230,3,526587,145520,388,107,12,12,41,207,21,312,241,550,20,56,155,81600,176816,383552,0,0,1,0
19-20:36:14,123.113.101.169,3,512732,44266,355,32,64,64,143,295,185,558,501,747,5,42,69,65868,66715,66792,1,0,0,1
19-20:38:52,123.114.161.55,3,503789,0,372,0,26,24,44,95,50,166,244,295,20,72,189,13632,146901,474368,0,0,0,0
19-20:40:36,123.121.71.159,3,530101,110059,392,83,35,35,42,60,22,81,242,260,11,18,40,81664,232362,263936,2,0,7,0
19-20:44:28,123.116.86.26,3,517635,19348,368,14,0,221,497,772,360,1088,1190,1849,8,31,34,239552,262144,262144,1,0,2,0
19-20:51:51,123.117.56.53,3,506385,623456,354,437,0,78,94,184,62,368,379,670,5,9,30,65708,66210,66240,16,0,3,14
19-20:57:35,114.254.204.145,3,543293,201280,402,148,14,14,140,2711,190,2920,410,5631,20,69,241,81664,149824,262400,0,0,1,0
19-20:57:5,114.249.224.154,3,536093,3427264,374,2383,12,12,19,56,51,300,2640,62289,5,19,54,87616,282442,509888,45,0,15,29
19-21:04:19,123.119.146.94,3,530427,0,391,0,17,16,22,44,17,34,222,244,20,64,202,13696,109388,470656,0,0,0,0
19-21:09:30,114.254.82.198,3,526973,2720,390,2,23,23,235,882,330,1322,916,2204,8,26,36,81600,389673,522944,1,1,1,0
19-21:14:37,123.121.23.157,55,516115,399840,382,294,13,13,2754,10286,442,15176,12884,120000,5,35,53,81600,327736,522944,4,1,2,1
19-21:29:19,61.48.218.2,3,524043,333200,387,245,15,15,20,29,16,51,220,744,6,39,91,81600,318061,528576,2,0,2,0
19-21:40:44,61.50.248.5,3,524809,0,361,0,13,13,13,15,10,26,213,215,20,75,136,5888,68764,131072,0,0,0,0
19-21:40:45,61.50.248.5,3,524809,0,360,0,14,13,14,15,16,56,214,215,20,75,136,5888,75306,131072,0,0,0,0
19-21:40:44,61.50.248.5,3,524800,0,360,0,13,13,13,14,10,26,213,214,20,76,136,5888,72590,131072,0,0,0,0
19-21:40:46,61.50.248.5,3,524806,0,361,0,14,13,13,14,10,34,213,214,20,71,134,5888,68081,131072,0,0,0,0
19-21:40:46,61.50.248.5,3,524809,0,361,0,14,13,14,14,13,43,213,214,20,73,137,5888,67470,131072,0,0,0,0
19-21:40:47,61.50.248.5,3,524807,0,361,0,14,13,14,14,9,27,213,214,20,72,137,5888,69376,131072,0,0,0,0
19-21:40:50,61.50.248.5,3,524809,0,361,0,14,13,14,15,9,26,213,215,20,75,136,5888,68451,131072,0,0,0,0
19-21:40:52,61.50.248.5,3,524807,0,361,0,14,13,14,15,9,28,213,215,20,73,134,5888,68593,131072,0,0,0,0
19-21:40:54,61.50.248.5,3,524807,0,361,0,14,13,14,15,9,26,213,215,20,71,134,5888,68081,131072,0,0,0,0
19-21:40:52,61.50.248.5,3,524809,0,361,0,14,13,14,15,10,26,214,215,20,73,135,5888,70727,131072,0,0,0,0
19-21:40:54,61.50.248.5,3,524807,0,361,0,14,13,14,14,9,26,213,214,20,72,138,5888,67157,131072,0,0,0,0
19-21:40:55,61.50.248.5,3,524807,0,361,0,14,13,14,14,9,28,213,214,20,75,136,5888,72661,131072,0,0,0,0
19-21:40:56,61.50.248.5,3,524807,0,361,0,14,13,14,15,11,26,214,215,20,71,135,5888,67768,131072,0,0,0,0
19-21:40:57,61.50.248.5,3,524807,0,361,0,14,13,14,14,8,26,213,214,20,73,134,5888,70072,131072,0,0,0,0
19-21:40:55,61.50.248.5,3,524809,0,361,0,14,13,14,14,8,26,213,214,20,72,134,5888,67000,131072,0,0,0,0
19-21:40:57,61.50.248.5,3,524807,0,361,0,14,13,14,15,11,28,214,215,20,73,137,5888,67313,131072,0,0,0,0
19-21:40:58,61.50.248.5,3,524809,0,361,0,14,13,14,15,9,28,214,215,20,73,136,5888,67441,131072,0,0,0,0
19-21:40:59,61.50.248.5,3,524809,0,361,0,14,13,14,14,8,26,213,214,20,74,136,5888,69930,131072,0,0,0,0
19-21:40:59,61.50.248.5,3,524809,0,361,0,14,13,14,15,11,28,214,215,20,73,137,5888,66830,131072,0,0,0,0
19-21:41:0,61.50.248.5,3,524809,0,361,0,14,13,14,14,9,26,213,214,20,74,137,5888,67968,131072,0,0,0,0
19-21:40:58,61.50.248.5,3,524807,0,361,0,14,13,14,14,9,28,214,214,20,73,136,5888,67313,131072,0,0,0,0
19-21:41:3,61.50.248.5,3,524807,0,361,0,14,13,14,15,10,26,214,215,20,73,135,5888,67157,131072,0,0,0,0
19-21:38:39,114.252.58.149,45,538970,983796,376,686,0,604,663,700,197,1208,1318,120000,5,13,30,17152,239769,262144,5,3,4,1
19-21:39:3,111.201.125.195,3,531775,665824,371,463,0,412,653,1000,330,917,1544,120000,20,36,48,4187520,4187520,4187520,1,0,3,0
19-21:41:1,61.50.248.5,3,524809,0,361,0,14,13,14,15,9,26,214,215,20,71,136,5888,68081,131072,0,0,0,0
19-21:41:4,61.50.248.5,3,524807,0,361,0,14,13,14,14,8,28,213,214,20,72,134,5888,67157,131072,0,0,0,0
19-21:41:8,61.50.248.5,3,524809,0,361,0,14,13,14,15,10,26,214,215,20,72,135,5888,67157,131072,0,0,0,0
19-21:41:9,61.50.248.5,3,524809,0,361,0,14,13,14,14,9,28,213,214,20,74,137,5888,68764,131072,0,0,0,0
19-21:41:10,61.50.248.5,3,524809,2920,361,2,14,13,14,19,14,44,214,219,20,71,135,5888,65164,131072,0,0,0,0
19-21:41:9,61.50.248.5,3,524807,0,361,0,14,13,14,15,8,28,213,215,20,67,136,5888,66790,131072,0,0,0,0
19-21:41:14,61.50.248.5,3,524809,0,361,0,14,13,14,15,10,26,214,215,20,71,135,5888,68394,131072,0,0,0,0
19-21:41:15,61.50.248.5,3,524807,0,361,0,14,13,14,15,10,28,214,215,20,72,137,5888,69063,131072,0,0,0,0
19-21:41:15,61.50.248.5,3,524809,0,361,0,14,13,14,15,9,26,214,215,20,74,136,5888,68138,131072,0,0,0,0
19-21:41:16,61.50.248.5,3,524807,0,361,0,15,13,14,15,9,26,214,215,20,73,135,5888,69703,131072,0,0,0,0
19-21:41:17,61.50.248.5,3,524807,0,361,0,15,13,14,15,9,26,214,215,20,75,134,5888,72817,131072,0,0,0,0
19-21:41:16,61.50.248.5,3,524809,0,361,0,15,13,14,15,10,28,214,215,20,73,134,5888,70229,131072,0,0,0,0
19-21:41:18,61.50.248.5,3,524807,0,361,0,14,13,14,15,9,26,213,215,20,73,134,5888,68608,131072,0,0,0,0
19-21:41:18,61.50.248.5,3,524809,0,361,0,14,13,14,14,9,28,213,214,20,72,134,5888,66986,131072,0,0,0,0
19-21:41:18,61.50.248.5,3,524807,0,361,0,14,13,14,15,9,28,214,215,20,73,135,5888,72974,131072,0,0,0,0
19-21:41:19,61.50.248.5,3,524809,0,361,0,14,13,14,15,10,26,213,215,20,72,134,5888,67157,131072,0,0,0,0
19-21:41:20,61.50.248.5,3,524808,0,361,0,14,13,14,14,9,28,213,214,20,73,137,5888,67783,131072,0,0,0,0
19-21:41:25,61.50.248.5,3,524809,0,361,0,14,13,14,14,9,26,214,214,20,75,134,5888,72974,131072,0,0,0,0
19-21:41:26,61.50.248.5,3,524809,0,361,0,14,13,14,14,8,28,213,214,20,72,136,5888,67797,131072,0,0,0,0
19-21:41:27,61.50.248.5,3,524809,0,361,0,14,13,14,15,11,28,213,215,20,73,137,5888,69219,131072,0,0,0,0
19-21:41:28,61.50.248.5,3,524809,0,361,0,14,13,14,15,9,28,214,215,20,72,136,5888,67470,131072,0,0,0,0
19-21:41:28,61.50.248.5,3,524809,0,361,0,14,13,14,14,8,26,213,214,20,73,136,5888,67783,131072,0,0,0,0
19-21:41:25,61.50.248.5,3,524809,0,361,0,14,13,14,15,10,28,214,215,20,73,137,5888,67470,131072,0,0,0,0
19-21:41:31,61.50.248.5,3,524809,4380,361,3,14,13,14,14,7,28,213,214,20,27,30,5888,92232,131072,0,0,1,0
19-21:41:31,61.50.248.5,3,524809,0,361,0,14,13,14,14,8,26,213,214,20,73,135,5888,69063,131072,0,0,0,0
19-21:41:31,61.50.248.5,3,524809,0,361,0,14,13,14,14,8,26,213,214,20,56,97,5888,72192,131072,0,0,0,0
19-21:41:31,61.50.248.5,3,524809,0,361,0,14,13,14,14,9,28,213,214,20,57,100,5888,66503,131072,0,0,0,0
19-21:41:35,61.50.248.5,3,524809,0,361,0,14,13,14,14,10,28,213,214,20,61,107,5888,68110,131072,0,0,0,0
19-21:41:35,61.50.248.5,3,524809,0,361,0,14,13,14,14,9,26,213,214,20,62,110,5888,67157,131072,0,0,0,0
19-21:41:35,61.50.248.5,3,524809,0,361,0,14,13,14,14,9,28,213,214,20,61,107,5888,69376,131072,0,0,0,0
19-21:41:36,61.50.248.5,3,524809,0,361,0,14,13,14,14,8,26,213,214,20,62,108,5888,66944,131072,0,0,0,0
19-21:41:36,61.50.248.5,3,524809,0,361,0,14,13,14,14,10,28,213,214,20,63,111,5888,72817,131072,0,0,0,0
19-21:41:40,61.50.248.5,3,524809,0,361,0,14,13,14,14,8,28,213,214,20,63,111,5888,72504,131072,0,0,0,0
19-21:41:48,61.50.248.5,3,524809,0,361,0,14,13,14,14,8,26,213,214,20,62,111,5888,72817,131072,0,0,0,0
19-21:41:49,61.50.248.5,3,524809,0,360,0,14,13,14,15,9,28,214,215,20,63,108,5888,75150,131072,0,0,0,0
19-21:41:50,61.50.248.5,3,524809,8760,361,6,14,13,14,14,8,26,213,214,20,65,111,5888,63590,131072,0,0,1,0
19-21:41:52,61.50.248.5,3,524809,0,361,0,14,13,14,14,9,28,213,214,20,65,113,5888,71054,131072,0,0,0,0
19-21:41:58,61.50.248.5,3,524809,0,361,0,14,13,14,14,10,28,214,214,20,64,117,5888,67143,131072,0,0,0,0
19-21:45:20,123.116.19.23,127,516899,0,371,0,3976,201,2096,3976,8138,15905,16970,19881,20,61,134,87616,180720,418048,1,0,0,0
19-21:51:25,111.192.252.26,3,512987,163200,378,120,18,18,59,190,47,230,259,423,20,66,154,81600,176816,402560,0,0,1,0
19-21:55:23,61.50.248.5,3,524827,0,361,0,13,13,13,14,8,26,213,214,20,71,135,5888,67640,131072,0,0,0,0
19-22:02:19,61.149.180.22,3,506512,46288,374,35,25,25,275,538,288,813,760,1187,5,22,46,13632,175300,425408,6,0,6,1
19-22:12:47,182.48.105.129,3,525484,0,389,0,63,57,178,486,149,252,477,1007,20,91,221,81600,237926,528576,0,0,0,0
19-22:19:34,125.34.170.136,3,512795,473280,379,348,0,2454,8727,30053,10361,62895,27942,120000,5,28,47,61248,367392,522944,7,3,0,2
19-22:22:32,111.192.54.5,3,504319,24684,349,17,22,22,207,1352,101,4317,538,5669,16,25,31,87616,350810,522880,4,1,4,0
19-22:23:37,123.120.122.248,3,506558,529370,375,393,35,35,226,3451,601,6696,1235,29098,5,15,35,61248,399182,522944,5,0,5,1
19-22:24:45,61.49.232.240,3,500843,0,373,0,11,11,12,16,13,22,212,216,20,57,186,81600,162528,499968,0,0,0,0
19-22:30:17,123.113.216.139,3,524821,81664,389,61,51,30,52,83,46,103,252,283,15,21,40,81600,329340,522944,2,0,4,0
19-22:30:44,123.113.216.139,3,524821,94448,389,70,50,42,114,210,149,397,417,607,13,22,34,81600,380512,522944,2,0,5,0
19-22:37:23,123.113.216.139,3,524824,93152,389,70,182,45,87,182,111,371,345,546,8,17,31,81600,382202,522944,4,0,10,0
19-22:39:24,123.113.216.139,3,524826,73568,389,56,67,41,62,84,43,128,262,284,18,23,36,81600,324914,522944,2,0,5,0
19-22:39:37,123.113.216.139,3,524826,100704,389,75,17,17,56,85,27,94,255,285,20,26,48,81600,255859,485248,1,0,4,0
19-22:39:46,123.113.216.139,3,524826,125184,389,93,54,36,68,89,60,217,276,301,20,27,49,81600,228247,414528,0,0,3,0
19-22:39:46,123.112.49.62,3,519548,384,370,1,0,114,245,526,145,314,609,1330,20,84,164,66364,133883,261220,0,0,0,0
19-22:41:48,61.48.147.0,3,524862,58080,363,40,15,15,35,58,20,42,235,258,20,52,81,29248,165248,389312,0,0,1,0
19-22:43:10,123.117.232.28,3,533206,127264,372,89,26,26,120,1191,78,1486,331,31468,20,56,191,29248,106672,480960,1,0,0,0
19-22:44:42,123.123.163.84,3,512683,0,357,0,25,23,36,120,44,114,236,320,20,56,207,253504,260704,262144,0,0,0,0
19-22:51:48,123.122.63.133,3,507272,59040,354,41,15,15,91,194,127,265,328,3384,20,65,158,88448,1070041,4194240,1,0,0,0
19-23:03:52,114.254.71.231,3,507280,108800,373,80,16,16,1995,6761,3696,25319,8506,120000,17,32,50,13632,300352,522944,3,2,0,0
19-23:02:8,111.197.69.1,3,528315,701027,391,521,0,5282,7719,9863,7447,17802,19647,120000,5,15,38,61248,434104,522944,7,4,0,1
19-23:09:43,114.246.248.136,3,530101,0,392,0,41,41,463,2036,104,220,936,3604,20,85,226,61248,212326,522944,0,0,0,0
19-23:15:5,61.48.147.0,3,524862,99280,388,73,12,12,27,41,17,63,226,241,9,28,64,81600,282355,522240,0,0,5,0
19-23:15:15,123.122.70.209,3,524809,16320,388,12,12,12,27,58,34,95,227,258,20,81,201,81600,236121,528576,0,0,1,0
19-23:15:31,123.112.184.208,3,510000,760240,375,559,15,15,235,5852,105,5298,556,120000,5,68,194,13696,113740,508672,5,0,1,3
19-23:21:37,111.196.166.29,3,522683,0,386,0,17,17,22,30,23,49,222,230,20,66,168,81600,234432,522944,0,0,0,0
19-00:12:17,114.246.38.145,3,506748,0,349,0,25,21,24,27,26,100,223,227,20,54,68,14600,52280,65340,0,0,0,0
19-00:23:11,111.196.99.48,3,514347,28560,379,21,19,17,22,34,14,47,222,234,10,17,42,61248,216444,368576,8,0,9,0
19-00:39:28,111.194.40.211,3,519963,0,384,0,14,14,18,25,19,28,217,225,20,60,193,81600,168656,522944,0,0,0,0
19-00:51:50,61.148.244.134,3,544297,0,403,0,27,27,44,92,25,54,244,292,20,87,236,81664,359475,1173504,0,0,0,0
19-01:23:12,123.118.239.16,3,502731,70364,351,49,14,14,15,19,12,28,215,219,7,80,137,1280,124885,222464,0,0,1,0
19-01:50:36,182.18.2.100,3,533151,0,367,0,12,12,15,20,18,24,215,220,20,64,115,184760,251193,262144,0,0,0,0
19-02:41:41,61.135.35.50,3,502806,597140,346,409,36,34,1173,5157,968,3184,2749,120000,20,57,168,87616,184352,522880,1,0,0,0
19-03:58:15,111.196.207.146,3,519760,0,356,0,16,16,21,39,15,32,221,239,20,59,183,14720,113356,467200,0,0,0,0
19-04:54:13,117.79.93.39,3,530876,7300,364,5,10,10,11,13,6,20,210,213,20,84,153,0,48616,227840,0,0,0,0
19-04:58:32,114.245.229.99,3,544683,0,405,0,11,11,18,89,33,118,218,289,20,67,179,124160,222054,367104,0,0,0,0
19-05:09:25,111.194.103.185,3,504560,0,371,0,14,14,31,91,16,100,230,291,20,61,209,13696,111027,573952,0,0,0,0
19-06:37:26,111.196.29.33,3,501364,0,371,0,15,15,32,70,20,50,232,270,20,99,206,81600,289920,522944,0,0,0,0
19-06:38:31,123.118.239.16,3,548399,24412,383,17,15,15,16,17,13,30,216,217,18,80,150,91904,220629,399104,0,0,1,0
19-06:57:32,117.79.93.39,3,501420,7300,344,5,10,10,11,13,7,20,211,213,20,78,153,0,34572,207360,0,0,0,0
19-07:37:9,202.108.2.42,3,531062,5400,394,4,13,12,15,21,22,61,215,221,20,76,130,0,33490,200960,0,0,0,0
19-07:51:47,114.252.249.85,3,507912,159120,376,117,0,320,1786,6312,1628,4096,4335,35127,20,61,193,81600,173552,515200,1,0,1,0
19-07:53:4,114.242.242.10,3,522531,1844736,362,1264,14,13,14,17,6,29,221,321,6,11,34,65700,65700,65700,4,0,4,0
19-07:56:21,61.149.205.202,3,505192,127840,374,94,22,22,43,125,37,76,242,325,20,64,164,81600,169456,395520,0,0,1,0
19-07:58:34,202.108.2.42,3,517946,4050,384,3,13,13,13,15,8,26,213,215,20,81,185,0,41241,191744,0,0,0,0
19-08:02:43,61.50.236.246,4,519595,953435,383,702,42,42,426,1176,1209,4341,4220,120000,5,9,30,13696,153591,312832,13,0,8,5
19-08:10:28,61.50.248.5,3,524820,0,361,0,14,13,13,14,8,28,213,214,20,74,137,5888,68295,131072,0,0,0,0
19-08:13:0,202.108.2.42,3,545004,6750,404,5,13,12,13,14,7,26,213,214,20,75,184,0,35509,205312,0,0,0,0
19-08:15:24,202.108.2.42,3,503096,6750,373,5,13,12,13,14,7,26,213,214,20,88,183,0,37026,178304,0,0,0,0
19-08:49:38,61.148.220.126,18,501364,125810,387,99,135,135,375,710,204,577,768,1204,6,17,30,81600,223040,377856,4,0,6,0
19-08:52:22,117.79.93.39,3,502368,7300,345,5,11,10,11,13,7,22,211,213,20,77,137,0,47499,207360,0,0,0,0
19-08:55:28,61.148.220.126,106,501364,213200,387,164,129,110,411,792,285,541,846,1302,6,30,71,81600,166229,263616,1,0,1,0
19-09:02:17,202.108.2.42,3,531574,6750,395,5,13,12,13,14,8,26,213,214,20,75,185,0,35296,194432,0,0,0,0
19-09:30:43,61.50.248.5,3,524810,0,361,0,13,13,13,15,9,26,213,215,20,74,135,5888,68622,131072,0,0,0,0
19-09:48:35,117.79.93.39,3,508592,7300,349,5,10,10,11,13,6,20,211,213,20,86,171,0,35699,204416,0,0,0,0
19-10:02:30,124.65.79.138,3,527940,967200,364,668,25,11,13,25,11,50,213,225,6,9,34,0,61207,65700,2,0,4,0
19-10:02:1,114.246.47.236,3,500074,161120,348,115,0,505,1244,4913,1445,6698,2728,120000,20,47,120,29248,97648,507328,1,0,1,0
19-10:06:58,124.65.70.90,3,500452,922354,347,643,16,16,429,517,270,1249,1248,3546,5,9,38,66700,66700,66700,31,0,6,25
19-10:16:5,111.203.152.123,7,511490,1342164,395,1045,16,16,303,478,622,1103,1475,4599,5,11,39,81600,298161,498752,19,0,11,9
19-10:29:18,111.193.172.199,3,535051,0,373,0,11,11,13,19,14,22,212,219,20,54,190,252848,262144,262144,0,0,0,0
19-10:33:46,114.247.10.154,3,524818,1300,405,1,47,47,300,728,160,484,618,1393,20,47,52,14656,39922,44224,0,0,0,0
19-10:35:45,114.247.10.154,3,524820,0,405,0,643,134,287,643,416,2574,1438,3217,20,44,48,14656,38630,42240,0,0,0,0
19-10:36:36,114.247.10.154,3,524820,0,405,0,592,105,215,592,404,2338,1334,2930,20,47,52,14656,39922,44224,0,0,0,0
19-10:37:20,114.247.10.154,3,524820,0,405,0,536,100,239,536,407,2202,1295,2738,20,47,58,14656,40726,49408,0,0,0,0
19-10:36:2,114.247.163.126,11,516255,567632,356,410,16,16,1663,2298,711,2425,3080,4304,5,14,36,65700,65700,65700,5,0,6,1
19-10:40:29,61.148.243.63,3,524818,33240,379,25,0,870,1601,2282,981,2956,3366,4940,20,29,30,0,18801,26280,0,0,0,0
19-11:01:22,111.207.129.99,3,517449,709920,383,522,14,14,18,35,10,41,217,235,6,10,60,81600,316699,468928,0,0,1,0
19-11:05:52,123.120.130.24,17,512719,974459,355,685,0,505,2779,9783,9638,61287,33734,120000,3,13,30,16384,247642,262144,8,0,6,6
19-11:09:12,61.149.220.15,3,534483,0,382,0,16,16,20,27,23,33,219,227,20,61,146,119344,262144,262144,0,0,0,0
19-11:54:43,61.50.254.88,3,524817,0,361,0,14,13,14,15,11,28,214,215,20,58,161,5888,55131,207360,0,0,0,0
19-11:55:5,61.50.254.87,3,524817,0,361,0,14,13,14,15,10,28,213,215,20,67,153,5888,63936,157696,0,0,0,0
19-11:52:47,61.148.244.152,28,512220,886212,368,637,0,2202,2428,2590,256,2501,4366,6858,5,11,47,262144,262144,262144,2,0,2,1
19-11:55:31,61.50.254.86,3,524817,0,361,0,14,13,14,15,11,28,213,215,20,55,144,5888,53046,230784,0,0,0,0
19-11:58:31,123.122.52.215,3,532317,487677,372,341,0,180,185,191,27,374,468,919,1,10,30,66048,253584,262144,9,0,5,4
19-11:58:30,123.122.52.215,3,517916,1060992,362,741,0,182,191,265,51,530,519,120000,3,10,30,66048,252300,262144,16,0,2,14
19-12:01:28,61.148.243.117,3,524818,12600,376,9,0,423,1513,3387,1295,5952,4552,9339,11,27,30,14600,25042,26280,1,1,0,0
19-12:07:20,123.112.186.94,3,502376,0,370,0,14,14,30,100,16,57,230,300,20,59,190,13632,102630,449920,0,0,0,0
19-12:10:35,61.148.244.152,41,523419,1163295,376,837,0,2433,2713,2889,402,978,5562,10962,5,11,36,262144,262144,262144,3,0,3,3
19-12:12:7,114.247.83.128,5,515924,4424492,354,3070,15,15,129,507,295,1286,1582,3664,2,7,31,5840,61970,163520,18,0,7,12
19-12:12:43,61.148.244.152,27,545985,1263450,392,903,0,2672,2967,3169,432,1005,5405,12091,5,11,38,262144,262144,262144,4,0,2,2
19-12:19:34,124.64.172.15,3,549339,0,406,0,13,13,81,390,73,200,281,590,20,59,203,81600,169344,522944,0,0,0,0
19-12:22:2,61.50.248.5,3,524818,0,361,0,14,13,14,14,9,28,213,214,20,75,137,5888,68593,131072,0,0,0,0
19-12:23:54,124.65.241.154,3,508992,0,351,0,15,15,216,290,64,280,449,559,20,53,68,0,53862,65700,0,0,0,0
19-12:30:34,114.244.8.209,3,505013,87040,374,64,18,18,514,1156,465,970,1266,2126,6,43,69,81600,302792,522944,0,0,2,0
19-12:35:31,61.148.244.152,27,545393,1097400,391,821,0,2278,2564,2840,343,990,4881,120000,2,12,33,262144,262144,262144,11,1,4,7
19-12:49:2,61.50.248.5,3,524820,0,360,0,13,13,13,14,10,26,213,214,20,76,134,5888,71168,131072,0,0,0,0
19-12:48:35,123.126.28.70,7,501101,317245,387,247,115,115,898,3739,1125,8017,3641,120000,6,14,30,81600,373773,522944,4,1,6,0
19-13:09:30,61.50.248.5,3,524820,0,361,0,13,13,13,15,9,26,213,215,20,74,134,5888,72320,131072,0,0,0,0
19-13:09:38,61.50.248.5,3,524820,0,361,0,14,13,14,15,15,56,213,215,20,73,135,5888,67470,131072,0,0,0,0
19-13:11:0,61.50.248.5,3,524822,0,361,0,14,13,13,14,12,43,213,214,20,74,137,5888,68778,131072,0,0,0,0
19-13:11:4,61.50.248.5,3,524822,0,361,0,14,13,14,14,10,33,213,214,20,69,137,5888,67285,131072,0,0,0,0
19-13:11:24,61.50.248.5,3,524822,0,361,0,14,13,14,15,9,26,213,215,20,73,135,5888,67157,131072,0,0,0,0
19-13:13:4,117.79.93.39,3,502496,7300,345,5,10,10,11,13,7,20,210,213,20,79,155,0,34585,201600,0,0,0,0
19-13:17:52,114.254.38.70,33,505483,730080,352,507,18,18,933,2924,258,2791,2147,120000,13,36,53,87616,210496,358336,1,0,2,0
19-13:26:8,124.65.136.186,5,517386,235376,382,175,0,194,469,1234,966,4606,2957,5840,5,15,36,13632,105932,199680,5,0,5,1
19-13:37:57,125.33.78.181,3,534747,2720,394,2,17,17,58,158,154,328,321,464,20,44,109,81600,346531,522944,0,0,1,0
19-13:39:18,61.149.183.86,33,545469,1151774,376,802,893,293,511,1002,710,2519,2332,4348,2,10,30,16384,246736,262144,18,0,4,14
19-13:42:43,123.123.160.36,3,540569,459714,400,359,0,2557,8440,34775,10017,69176,51593,120000,5,32,56,81600,314803,522944,4,1,4,0
19-13:45:19,202.99.59.7,3,508952,314652,352,267,18,18,15815,22928,5702,41954,48950,120000,16,26,38,65536,244270,262144,5,4,1,0
19-13:49:35,61.149.183.86,58,511330,3117834,353,2181,754,38,250,754,854,3009,3083,3763,6,17,34,16384,200704,262144,2,0,3,0
19-13:50:21,202.99.59.7,3,525603,276611,363,241,12,12,15924,24295,6237,42965,50348,120000,11,27,40,64240,64240,64240,6,6,0,0
19-13:59:18,61.149.183.86,33,537624,846148,371,587,0,229,463,1225,379,2442,2243,5253,3,9,30,16384,250441,262144,31,0,2,30
19-14:01:35,61.50.248.5,3,524819,0,361,0,13,13,13,15,10,26,213,215,20,73,137,5888,67029,131072,0,0,0,0
19-14:22:33,61.49.105.98,3,537606,776912,371,546,0,2044,4272,8486,2895,10982,13338,120000,5,22,46,65700,65700,65700,2,1,2,0
19-14:24:16,114.253.239.212,3,546700,852000,385,600,31,21,34,54,31,82,234,120000,20,43,93,14720,322019,872320,1,0,1,0
19-14:24:41,114.249.204.168,3,502359,997539,384,762,155,152,160,183,65,620,515,120000,5,8,30,370984,372241,372296,22,0,5,17
19-14:58:46,202.108.2.42,3,517946,4050,384,3,13,13,13,14,8,26,213,214,20,82,188,0,42048,191744,0,0,0,0
19-15:03:51,117.79.93.39,3,523448,14600,359,10,10,10,11,13,6,20,210,213,20,85,139,0,33024,193280,0,0,0,0
19-15:21:35,61.148.28.234,3,547501,1386472,377,951,46,46,361,906,441,1648,1420,4546,5,9,34,65006,65514,65535,27,0,10,17
19-15:31:13,123.121.53.35,3,523907,33352,362,23,11,11,12,14,10,22,212,214,20,48,102,1408,176447,256960,0,0,1,0
19-15:31:14,117.79.93.39,3,548524,14600,376,10,10,10,11,13,6,20,211,213,20,83,144,0,32279,203136,0,0,0,0
19-15:32:48,114.247.83.128,3,542207,2795711,372,1923,13,13,275,550,521,1344,1812,3879,2,8,30,5840,144504,195640,33,2,17,18
19-15:43:6,202.108.2.42,3,534274,4050,396,3,13,12,13,14,8,26,213,214,20,83,186,0,44108,205312,0,0,0,0
19-15:44:8,114.243.110.127,3,515072,1024544,381,755,61,61,856,2761,1179,3618,3270,120000,5,25,63,81600,358565,522944,6,0,4,1
19-15:46:17,123.114.130.155,3,534116,152320,395,112,0,2948,3992,18219,805,23185,9716,63039,5,77,206,81600,229296,522944,1,0,1,0
19-15:43:36,123.127.231.131,28,510443,3921259,377,2884,13,13,1346,3487,3003,17928,11853,40771,5,10,41,81600,271864,478720,9,0,4,10
19-15:57:44,124.64.209.3,3,514623,73440,381,54,15,15,329,1029,113,259,548,1288,20,68,197,81664,240793,523008,0,0,1,0
19-15:57:30,111.194.38.42,18,524184,726288,387,535,16,16,369,1168,387,1885,1421,120000,6,17,30,13632,195352,398208,6,0,6,0
19-16:02:24,202.108.2.42,3,531062,6750,394,5,13,12,13,14,7,26,213,214,20,89,181,0,38353,197120,0,0,0,0
19-16:03:31,117.79.93.39,3,503956,7300,346,5,10,10,11,13,7,20,211,213,20,84,154,0,48721,201600,0,0,0,0
19-16:06:10,202.108.2.42,3,535368,4050,397,3,13,13,13,14,7,26,213,214,20,79,179,0,41484,210688,0,0,0,0
19-16:13:8,61.148.244.19,3,524808,0,377,0,33,33,47,85,30,66,247,285,20,87,213,85248,259637,522880,0,0,0,0
19-16:13:11,61.148.244.19,3,524810,0,377,0,86,50,75,144,146,344,392,440,20,90,216,85248,244057,522880,0,0,0,0
19-16:26:23,125.34.73.251,3,535478,131920,396,97,17,16,43,277,61,221,243,498,20,55,203,81600,165392,522944,0,0,1,0
19-16:31:3,111.203.3.1,3,543987,848370,376,593,13,13,448,3085,145,20722,5232,120000,5,16,41,129412,129907,129940,6,0,8,1
19-16:32:38,202.60.121.81,37,508960,1659037,350,1144,18,18,484,991,1097,2562,2506,9294,5,13,67,65536,247020,262144,9,0,2,6
19-16:41:16,114.243.155.25,3,535124,77520,396,57,0,47,116,18513,72,15471,315,34806,20,62,197,81600,168112,493440,1,0,1,0
19-16:46:59,123.122.129.13,3,528123,646000,390,475,34,22,132,6635,332,29725,844,54540,5,20,126,81600,362282,522944,7,0,8,1
19-16:47:17,114.251.93.18,3,549063,604706,406,454,18,18,296,902,178,1558,1159,120000,5,38,65,81600,288960,522944,2,0,2,1
19-16:50:22,61.50.248.5,3,524820,0,361,0,13,13,13,14,8,26,213,214,20,72,136,5888,67768,131072,0,0,0,0
19-16:51:2,61.50.248.5,3,524822,0,361,0,13,13,13,14,17,55,213,214,20,71,137,5888,64614,131072,0,0,0,0
19-16:51:5,61.50.248.5,3,524822,0,361,0,14,13,13,14,12,43,213,214,20,73,135,5888,71054,131072,0,0,0,0
19-16:51:13,61.50.248.5,3,524822,0,361,0,14,13,14,14,12,33,213,214,20,74,135,5888,72661,131072,0,0,0,0
19-16:49:41,61.148.28.234,16,526155,1713135,362,1175,0,227,552,929,724,1620,1796,5244,5,8,30,65536,252275,262144,28,0,15,14
19-16:53:9,123.116.138.238,3,529340,0,392,0,72,72,189,659,122,292,436,1146,20,85,194,81664,152448,197120,0,0,0,0
19-16:52:42,61.148.28.234,29,504895,1818040,350,1263,0,218,516,1003,795,1553,2328,6423,5,9,30,65536,251221,262144,22,0,8,15
19-16:53:51,61.148.28.234,19,509867,1726167,352,1188,48,48,485,903,627,2421,2233,4008,5,11,40,65536,251221,262144,23,0,11,11
19-16:54:44,61.148.28.234,32,539937,1001296,374,700,0,440,839,967,555,1223,1820,3762,5,8,30,65536,254279,262144,14,0,6,9
19-16:59:48,114.250.166.250,3,513342,0,380,0,27,27,49,92,29,113,249,292,20,105,201,81600,284032,522944,0,0,0,0
19-16:59:54,61.148.28.234,40,517167,1318092,357,910,440,170,536,908,663,1760,2095,8703,3,10,36,65536,250578,262144,27,0,8,20
19-17:06:7,202.108.2.42,3,529328,6750,393,5,12,12,13,14,7,24,212,214,20,90,185,0,38272,194432,0,0,0,0
19-17:19:33,123.114.60.68,3,506744,259760,376,191,94,90,3336,21065,3330,7831,6872,120000,20,61,191,81600,168096,471680,1,0,1,0
19-17:35:31,123.120.195.162,3,529243,0,392,0,17,17,24,65,24,40,223,265,20,54,197,81600,162528,528576,0,0,0,0
19-17:35:25,61.148.28.210,18,533523,761284,411,586,158,69,207,523,522,2334,1098,120000,5,15,30,81600,401824,522944,14,1,4,5
19-17:37:59,61.50.248.5,3,524820,0,361,0,13,13,13,14,8,26,213,214,20,74,134,5888,68920,131072,0,0,0,0
19-17:38:7,61.50.248.5,3,524820,0,361,0,14,13,14,14,16,56,213,214,20,73,135,5888,68280,131072,0,0,0,0
19-17:38:41,61.48.28.189,3,501364,0,371,0,17,17,25,44,26,38,225,244,20,92,223,81600,238425,522944,0,0,0,0
19-17:48:2,202.108.2.42,3,503096,6750,373,5,13,12,13,13,7,26,213,213,20,87,182,0,37515,178304,0,0,0,0
19-18:05:44,111.201.148.118,3,535114,495040,396,364,16,16,120,337,92,441,426,120000,20,66,175,81600,248949,522944,1,0,0,0
19-18:19:34,114.244.137.204,25,539844,497900,417,383,12,12,254,544,324,601,785,3991,5,27,91,81600,174848,272832,8,0,6,3
19-18:21:2,117.79.93.39,3,527828,11680,362,8,10,10,12,17,10,21,211,217,13,78,154,0,55052,226176,1,0,1,0
19-18:26:44,114.243.90.138,3,532397,738480,394,543,18,18,3912,21121,7833,35713,25225,120000,5,34,85,81600,248952,522944,5,1,1,2
19-18:33:1,114.248.82.95,3,529115,0,391,0,12,12,31,143,26,117,231,343,20,65,203,81600,173408,500480,0,0,0,0
19-18:44:22,124.64.151.176,3,527796,30240,368,21,0,70,2183,7392,971,12033,6329,19632,20,42,66,65728,220013,483328,2,1,2,0
19-19:16:39,117.79.93.39,3,500908,5840,344,4,10,10,11,13,7,20,211,213,20,72,155,0,39310,210304,0,0,0,0
19-19:23:39,117.79.93.39,3,507260,11680,348,8,10,10,12,17,12,21,212,217,15,63,150,0,36364,207360,1,0,1,0
19-19:32:48,114.245.240.176,3,535915,0,396,0,26,26,93,369,103,220,298,589,20,62,204,81600,170704,522944,0,0,0,0
19-19:33:7,114.243.74.56,3,525227,0,387,0,16,16,21,54,22,32,221,254,20,61,208,81600,170704,511360,0,0,0,0
19-19:35:45,114.242.249.9,3,545803,0,403,0,14,13,14,16,14,28,214,216,20,95,143,4352,95853,163328,0,0,0,0
19-19:36:19,123.120.84.74,3,520955,42160,385,31,18,18,42,128,55,75,242,328,20,57,123,81600,166608,391808,0,0,1,0
19-19:53:31,111.196.144.28,3,529483,40800,391,30,17,17,19,28,19,34,219,228,20,54,187,81600,162528,525312,0,0,1,0
19-20:08:43,123.126.139.126,66,544000,286960,400,211,0,234,704,1087,304,1436,1995,2354,5,36,77,13632,108425,261120,2,0,3,0
19-20:10:29,117.79.93.39,3,503339,5840,346,4,11,10,12,13,9,22,211,213,20,78,156,0,34662,204416,0,0,0,0
19-20:15:53,202.108.2.42,3,522450,4050,387,3,13,13,13,13,8,26,213,213,20,90,186,0,46080,194432,0,0,0,0
19-20:22:7,202.108.2.42,3,528362,6750,392,5,12,12,12,13,7,24,212,213,20,89,183,0,38353,199808,0,0,0,0
19-20:25:46,123.119.174.123,3,532765,769082,394,578,0,3090,8398,40573,17888,76171,34972,120000,5,22,60,81664,312632,498944,4,0,7,0
19-20:30:0,114.242.250.227,3,542520,16832,394,14,14,14,14,16,5,28,214,216,20,36,124,0,17747,131072,0,0,0,0
19-20:38:37,182.18.15.82,3,542231,128180,373,88,117,117,143,164,46,234,357,376,6,14,34,62780,185257,261340,5,0,8,0
19-20:38:13,117.79.93.39,3,523064,16060,359,11,10,10,12,14,6,20,211,214,20,83,168,0,35968,210304,0,0,0,0
19-20:48:48,111.194.214.195,3,527482,155867,366,108,0,338,850,1316,446,1332,2418,2696,5,61,206,87616,261568,522880,0,0,1,0
19-20:48:56,124.65.211.155,3,510284,835350,365,597,17,15,16,17,5,34,216,217,6,9,30,64952,66364,66364,1,0,3,0
19-20:57:48,117.79.93.39,3,543248,7300,373,5,10,10,11,13,6,20,211,213,20,84,151,0,52398,235136,0,0,0,0
19-20:59:28,117.79.93.39,3,549728,14600,377,10,10,10,11,13,6,20,210,213,20,84,137,0,33557,200064,0,0,0,0
19-21:03:42,117.79.93.39,3,532080,5840,365,4,10,10,11,13,8,20,211,213,20,69,150,0,38257,230784,0,0,0,0
19-21:09:7,117.79.93.39,3,500035,7300,344,5,10,10,11,15,7,20,211,215,20,80,141,0,49908,213248,0,0,0,0
19-21:10:38,202.108.2.42,3,538452,4050,399,3,13,12,13,13,7,26,213,213,20,80,183,0,42099,208000,0,0,0,0
19-21:15:16,61.149.181.198,19,537841,1221926,398,905,14,14,2205,3184,798,4191,4080,6778,6,13,42,81600,299833,485248,2,1,1,0
19-21:20:3,123.117.104.26,3,513845,0,379,0,17,16,24,47,18,34,224,247,20,89,210,81600,238976,522944,0,0,0,0
19-21:20:8,125.34.155.214,3,523245,618800,387,455,92,92,1965,4300,2792,15236,7972,120000,6,43,62,81600,282276,522944,2,0,2,0
19-21:23:35,114.246.19.78,3,506187,0,373,0,17,17,23,37,29,66,223,237,20,82,186,81600,242086,528576,0,0,0,0
19-21:43:0,202.108.2.42,3,529328,6750,393,5,13,13,13,14,8,26,213,214,20,90,184,0,38272,194432,0,0,0,0
19-21:49:26,202.108.2.42,3,517946,4050,384,3,13,12,13,14,9,26,213,214,20,80,184,0,41382,191744,0,0,0,0
19-21:51:21,202.108.2.42,3,519296,4050,385,3,13,13,13,14,8,26,213,214,20,81,186,0,41382,191744,0,0,0,0
19-21:55:52,61.48.198.146,3,512005,88400,379,65,18,18,39,248,26,249,239,501,20,59,165,81600,163344,409088,0,0,1,0
19-21:57:13,123.115.131.51,3,525044,752844,406,581,0,321,377,697,338,3014,1835,12264,5,10,32,0,56692,64380,19,0,7,14
19-22:05:47,61.149.95.120,3,514060,0,381,0,14,14,30,48,26,39,229,248,20,93,198,81600,285024,522944,0,0,0,0
19-22:08:39,114.246.58.107,3,540363,106080,399,78,0,138,200,423,147,276,469,680,20,69,168,81664,148352,263936,0,0,1,0
19-22:09:43,111.193.57.59,3,500923,0,370,0,16,16,16,18,17,32,216,218,20,61,189,81600,168656,514944,0,0,0,0
19-22:13:11,123.120.203.131,3,525403,36720,388,27,17,17,37,255,34,185,237,455,20,56,134,81600,152240,323712,0,0,1,0
19-22:13:20,114.246.88.233,3,533387,1440,372,1,12,12,19,36,12,40,219,236,20,83,192,252064,262144,262144,0,0,0,0
19-22:16:52,61.50.248.5,3,524818,0,361,0,13,13,13,14,8,26,213,214,20,74,134,5888,71040,131072,0,0,0,0
19-22:16:53,61.50.248.5,3,524819,0,361,0,14,13,14,14,16,58,213,214,20,74,135,5888,72348,131072,0,0,0,0
19-22:25:31,202.108.2.42,3,519424,4050,385,3,13,12,13,14,8,26,213,214,20,79,183,0,41676,197120,0,0,0,0
19-22:26:33,123.113.65.140,3,519548,326420,360,230,0,12,12,14,5,24,212,214,6,12,32,66560,251850,262144,2,0,5,0
19-22:27:6,123.113.220.215,3,524814,57843,387,43,38,36,133,225,80,312,382,537,15,35,45,81600,353373,522944,0,0,3,0
19-22:28:4,123.113.220.215,3,524822,27264,389,21,0,100,222,313,76,546,560,859,20,30,42,81600,353624,522944,0,0,2,0
19-22:30:36,123.113.220.215,3,524823,83024,389,62,176,43,119,277,195,580,473,883,5,17,30,81600,404696,522944,4,0,9,1
19-22:30:52,123.113.220.215,3,524823,53440,389,40,0,41,62,173,45,336,313,509,14,21,32,81600,345912,522944,4,0,7,0
19-22:31:9,202.108.2.42,3,504446,6750,374,5,13,12,13,13,7,26,213,213,20,87,181,0,37387,178304,0,0,0,0
19-22:33:28,202.108.2.42,3,519296,4050,385,3,13,12,13,14,8,26,213,214,20,81,184,0,41382,191744,0,0,0,0
19-22:33:15,117.79.93.39,3,503008,7300,345,5,11,10,11,13,7,22,210,213,20,78,159,0,53478,198656,0,0,0,0
19-22:37:26,123.113.220.215,3,524818,89888,389,68,40,40,88,228,138,557,444,820,7,16,37,81600,368957,522944,3,0,9,0
19-22:37:40,123.113.220.215,3,524818,178224,389,132,98,27,64,126,87,392,339,518,6,23,51,81600,390565,522944,0,0,6,0
19-22:37:48,123.113.220.215,3,524818,131249,389,99,90,37,70,172,126,353,343,509,6,14,35,81600,383085,522944,4,0,9,0
19-22:39:21,123.113.220.215,3,524820,85744,389,64,95,36,54,174,68,311,324,485,16,20,42,81600,347383,522944,3,0,7,0
19-22:40:44,114.253.235.66,3,543078,616884,378,426,14,13,14,17,7,28,214,217,6,10,30,59532,66792,66792,2,0,5,0
19-22:40:45,114.253.235.66,3,547551,535788,383,369,14,13,13,15,6,28,213,215,6,12,30,65340,66792,66792,2,0,6,0
19-22:40:45,114.253.235.66,3,515591,622005,360,429,17,14,15,17,7,34,214,217,6,11,32,53724,66247,66792,5,0,7,0
19-22:42:28,114.253.109.104,3,536115,556328,381,394,43,43,1803,6345,546,7098,5208,120000,20,73,169,29248,198937,522880,1,0,0,0
19-22:50:7,123.122.119.208,3,519963,402560,384,296,0,2040,5144,12034,5295,27654,14759,39688,5,35,71,61248,274678,522944,2,1,1,1
19-22:51:57,123.112.86.222,3,518801,856800,383,630,23,23,6046,20807,6057,23005,24856,120000,5,23,40,81600,367689,522944,6,2,2,2
19-23:05:25,123.123.204.74,3,521323,0,385,0,13,13,13,18,14,26,213,218,20,56,188,81600,165248,510336,0,0,0,0
19-23:17:16,114.242.248.144,3,526216,256,390,1,11,10,11,12,9,22,211,212,20,110,129,0,37678,131072,0,0,0,0
19-23:38:14,111.197.248.86,3,503956,12996,349,9,14,14,18,32,13,28,218,232,20,54,143,14720,104217,309248,0,0,1,0
